gene,baseMean,log2FoldChange,lfcSE,stat,pvalue,padj
REXO5,0.4405654909418119,3.181448265126873,1.5399074857967738,2.0659996100225064,0.03882851640972545,NA
KIAA0100,12.055330058482303,-0.8530960562544755,0.30622064480813754,-2.785886813049403,0.0053381507695711055,0.47790926790440386
MGST1,25.637243072018705,1.4439581783566278,0.4902659941551974,2.945254607847698,0.003226890032295335,0.34554719093895236
FAM76A,3.74951460548133,-0.8634911344066987,0.40713831540061474,-2.120879076578787,0.033931979867882184,NA
CD9,6.048815735807781,1.4322574534770354,0.6398618449989768,2.2383854650363246,0.02519592905998718,0.7837577014252577
IDS,20.697862654469223,-0.5148866603383364,0.2125563224716425,-2.4223540111681614,0.015420320269801068,0.660521442729203
CD4,33.691624659964525,-0.8389848419801497,0.31336226240590026,-2.6773640052847427,0.007420396951408358,0.5442307662768983
FYN,25.52709206411574,-0.40554678302950953,0.19431871981201995,-2.087018602334491,0.036886453037172674,0.8231002323552539
CALCOCO1,3.7344622238598504,-0.8702860853976199,0.4180803615449881,-2.081623930340893,0.037376833826186805,NA
NUB1,20.13051326590275,-0.6744270240417706,0.24274146864074866,-2.7783758078843372,0.005463139272454141,0.47790926790440386
SERPINB1,125.52350459746202,0.7525532428316527,0.3599231059093825,2.0908722737603913,0.0365395151386376,0.8231002323552539
GRAMD1B,5.773081495815899,-1.004153938012599,0.3696303789641346,-2.7166434231587675,0.0065947615048795915,0.5251290218821428
SLC4A7,5.445765801387019,-0.7256063389940076,0.3430575237125181,-2.115115655070329,0.03442009125904927,0.8231002323552539
VCAN,165.5982318397122,1.1700849821257684,0.5228859009757957,2.2377443720363988,0.02523772988005982,0.7837577014252577
ZFYVE16,10.401412714300516,0.7293454685164638,0.3224859613712483,2.261634786876306,0.023719976890673088,0.7673941651639613
PHLPP2,1.0708530731613874,-1.5484887719936147,0.6818329645770196,-2.271067625711279,0.023142884451273802,NA
MED17,3.862135049945556,-1.2069641374581725,0.4107986649073072,-2.9380916749827133,0.003302393559080461,NA
CAPG,88.40685651142533,0.42333959222663936,0.21261656625759168,1.9910941074730277,0.046470542159272175,0.8607016669016877
LCP2,29.09373878116202,0.9274003700945901,0.24073219481682853,3.8524152151740347,1.169584793028435e-4,0.042731124408821236
HSPA5,89.67634680236381,0.5864786019379552,0.2918199419143265,2.0097276357834915,0.04446002335853167,0.8595895623492013
ARID1B,34.470960420015004,-0.42672830175155435,0.21023631838263043,-2.0297553963768915,0.042381408879918155,0.8525785897260445
TTC17,13.05098426616758,-0.6775422586168726,0.28925433713976084,-2.342375451710168,0.0191614282023699,0.7032982626864949
SYNE2,1.2166095960012204,-1.7039953298395716,0.7109960751731268,-2.396631133898525,0.01654657154445112,NA
MXD1,24.143158779223338,1.3490015517399945,0.3425644570642779,3.937949556415514,8.218086500257702e-5,0.03401361902530794
SLC2A3,36.03230263708842,1.2961419062544768,0.39558250883241486,3.2765399817097984,0.001050874328337634,0.21756601511016815
BCAT1,7.642001044608341,1.3141373466032455,0.5926844600635675,2.217263038181058,0.026605122104838484,0.7982821903050813
EIF4B,69.43539312222913,-0.5723990416555637,0.25908863206135546,-2.209278875346458,0.027155249594763987,0.8031488344432339
CTSA,32.75168017417855,0.7995775550453703,0.38480848500035403,2.0778584314341058,0.03772240014166848,0.8231002323552539
GNAI3,31.259858455807333,0.4165438982618495,0.15718026366257862,2.6501030635503384,0.008046721984565464,0.5553132249570677
FAM107B,17.638817588463336,0.608952825383568,0.2843869793606252,2.1412823707774877,0.032251273911304376,0.8231002323552539
TNFRSF1A,16.46420287122884,0.6323429561686552,0.31728917113702265,1.9929547355890544,0.04626640383300299,0.860361180259825
PKM,131.48598512295925,0.4611842945524709,0.20660219561825702,2.2322332692175753,0.02559954965184108,0.7871227865722027
ROGDI,9.695398310264421,-0.920373056266392,0.306615848563624,-3.001713905455252,0.0026846435207684045,0.31460982844325586
VPS35,29.601445559535907,-0.6033798023973491,0.2669050839805278,-2.2606530883516966,0.023780747551420244,0.7673941651639613
BCL3,23.154889865234665,0.7219112129515302,0.31053424602679297,2.3247394520514284,0.02008589634724036,0.7169741506477579
MAPK6,11.047533016216967,0.8501383200441853,0.4057484036815533,2.0952351563936307,0.03615009349478572,0.8231002323552539
SLC44A1,7.049028064572077,0.982550791917593,0.4515166853061473,2.1761118113528455,0.029546900945517027,0.8114481256789464
MNT,14.930640183705748,0.6556517361471571,0.31498659257233025,2.081522679402934,0.03738609042707666,0.8231002323552539
HLTF,1.5512943978261404,-1.4397401688040536,0.7115163593183564,-2.0234814701707586,0.043023532110477006,NA
SYNJ2,7.7513218765548855,1.2238891744340945,0.6052445747206416,2.0221398514790425,0.04316190602371803,0.8530008730681725
SLC1A3,4.170587502759555,3.305878323703107,1.4383350278419529,2.2984063237778307,0.02153867393415642,0.7432039100280307
CDC14A,4.425713978535775,-1.024186455489361,0.4216482614933937,-2.4290067077755704,0.015140252220482323,0.6560336670833333
RAB21,19.815176696714406,0.4915262972370973,0.19124581899336918,2.57012832920619,0.010166084823049055,0.5994281494045773
CXCL2,4.72549296743182,5.756458702725547,1.5344835856637387,3.7513980315635633,1.7585127072073482e-4,0.06067845791369355
WDR70,4.489667404618001,-0.8879365261575775,0.3860477044102648,-2.3000694370505568,0.021444286465566013,0.7432039100280307
COBLL1,4.143911544307118,-1.4889904501915616,0.5787490786564425,-2.5727737720952075,0.01008871291225404,0.5994281494045773
XPO1,9.278950902578977,-0.8394856381173543,0.40044424673196155,-2.0963858139264673,0.03604797979816024,0.8231002323552539
NCOA1,10.227918086102546,-0.8138828448236728,0.26413944997809896,-3.0812619807119144,0.002061252014543882,0.2667174221319178
EIF2AK1,12.61109816130604,-0.5511575155415414,0.21823923176196303,-2.525474045577184,0.011554231577613323,0.6069542293857577
MRPL28,16.847491767598942,0.4809537835187552,0.21565080120137975,2.2302434344754847,0.025731286173846825,0.787275952836269
ADAMTS2,4.180187097236421,6.600925212009335,2.1116980653988255,3.1258849549415353,0.0017727088641938053,0.24467321678906054
ANAPC5,25.689295684629204,-0.36660523861027966,0.177683993193177,-2.063242906814395,0.03908955544720328,0.8273958201201497
BLVRB,63.87125858767968,0.8014568125678047,0.31837429909712944,2.5173414274978794,0.01182441825079322,0.6069542293857577
RGS1,22.382380716265242,2.073359019695444,0.7491679948698009,2.7675488460445727,0.005647958103743723,0.48721483031044804
IRAK3,22.362045436839963,1.0956745241367738,0.5358273788773662,2.0448274338507417,0.04087187409072061,0.8381037853738362
EFNB1,2.6782841835551117,-1.15187245002335,0.5113387342522714,-2.2526602677728462,0.024280577955884564,NA
JPH4,0.9405288926983298,2.600354374724749,1.2003856515640394,2.1662657924448063,0.030290882114138162,NA
FKBP5,43.03503214139603,1.1657955734127332,0.5512381479749301,2.114867372106752,0.034441252752488334,0.8231002323552539
MZF1,1.399601448953979,-1.2710349825183953,0.6312618779665299,-2.013482877522642,0.044063854503009876,NA
KCNK6,35.31410876567787,-1.0771097514193984,0.4308653075670105,-2.4998757906538587,0.012423685685162476,0.6123502200590656
IZUMO4,0.9848275573323276,1.8603922492134548,0.9399264783144882,1.9792955003774133,0.04778274591858303,NA
GADD45B,59.580198261080355,0.9727136552451107,0.4316028535878344,2.253723874064137,0.02421354447832023,0.7673941651639613
DERL3,6.6498854181258835,-1.7941986512647408,0.8619243118055188,-2.0816197277303123,0.0373772180000066,0.8231002323552539
OSM,21.74592651163483,4.04848851168803,0.9363356538645846,4.323757719764811,1.5339375243993586e-5,0.015221771929984052
DDX17,52.796346061619964,-0.505344255890173,0.2134973239852233,-2.366981686033447,0.017933820220117976,0.6926992554824444
JOSD1,13.520281794888342,0.8178134462863887,0.27915298438661307,2.92962458590003,0.0033937173800154714,0.34554719093895236
HMOX1,15.500009531658279,0.7135221351334468,0.3438844713923784,2.07488908191875,0.037996815829210745,0.8231002323552539
CSF2RB,10.846774194466551,-0.9160457132066644,0.41419559593619015,-2.211625913443531,0.026992523388337505,0.8031488344432339
CDKN3,1.800025685529406,2.8819985140650406,1.455351428188573,1.9802766934802594,0.04767244618038311,NA
NFKBIA,227.32339889962063,1.1389722964044702,0.4435401064994298,2.5679127540317133,0.01023129032442455,0.5994281494045773
MMP9,0.5752035117320023,4.698310877344416,1.5423760406464075,3.046151362267895,0.0023179111649961103,NA
ASIP,2.370835060387849,-2.2752042351978172,0.9740915676136713,-2.335719054391992,0.019505888745332118,NA
PHEX,2.12989241484385,-1.6620894186924737,0.7727152317953351,-2.1509727650000596,0.031478349409750014,NA
TIMP1,140.80508090934555,0.5163689808330285,0.22630705400404313,2.281718451532683,0.022505967997737093,0.755592255318622
CCP110,2.689066001975688,-1.347458568862461,0.4743012523065546,-2.8409340315035885,0.0044981616198438495,NA
SQLE,7.5108033556685925,1.282273745532456,0.6286400374838933,2.0397583180745307,0.04137440322908047,0.8425456342813731
KCNN4,5.308728402694472,1.184217914256502,0.5055903032826333,2.342248074315825,0.019167969599308065,0.7032982626864949
IL4I1,3.1339008490258538,1.260378745915067,0.6399998299938738,1.969342313617695,0.04891379524941525,NA
PTPRS,1.6320512783030559,-1.8207699216011022,0.8172276474723276,-2.227983753648956,0.02588159840012064,NA
RASA4,8.729498405493018,-1.348926487121613,0.4296628112313013,-3.1395002124013067,0.0016923629190470815,0.23889241114094142
NAMPT,79.92657548299287,1.0661957147499888,0.42338043993009045,2.5182923304771507,0.011792540128017599,0.6069542293857577
STX1A,0.9566153069072869,2.7346804849972592,1.3267717010681919,2.061153763526575,0.03928837300373694,NA
BLVRA,26.00577535553891,1.1689563188598553,0.503786300335523,2.3203416172320037,0.020322404465325027,0.7212711664807643
UBE2R2,37.95040472425362,0.45566888272253997,0.21683095003632308,2.101493733464744,0.03559764751031172,0.8231002323552539
PPIF,44.844071786964356,1.11085472896081,0.3845782507455766,2.8885011744871454,0.0038708258335123586,0.3877693427733106
CCL2,0.2663656672113576,4.102142317930584,1.995569488449337,2.0556248938833823,0.03981868638917932,NA
LUC7L3,40.33137837926259,-0.5657829541554648,0.22223166034454023,-2.545915164735279,0.01089916727286579,0.5994281494045773
PF4V1,0.3414476760285086,3.293110972086887,1.6665628390124971,1.9759896806760568,0.048155945969378694,NA
AREG,248.57140735651598,3.506449318412806,0.8889016322274766,3.944698931001039,7.990030058809523e-5,0.03401361902530794
TBC1D9,6.009953416601711,-0.7593062778364824,0.359813486622702,-2.110277424460984,0.0348344669577904,0.8231002323552539
RPL34,1092.3635066220918,-0.3911163671697196,0.1735460029173658,-2.253675455469581,0.02421659255709812,0.7673941651639613
BST1,16.49809680674767,1.1462033770326259,0.5292438290886394,2.1657378207061835,0.030331227197362944,0.8114481256789464
MS4A4A,11.873308036650117,1.851385304081266,0.7415990236392793,2.4964775371411454,0.012543361285659417,0.6123502200590656
NECTIN1,2.1337650297421864,-1.6840286798740445,0.5757053459293895,-2.925157273214884,0.0034428217696310715,NA
SLC22A18,4.381856619109908,1.0147229396934683,0.45386869974014366,2.2357191414046267,0.025370174384196212,0.7839510104489684
CD69,5.2098430475507795,1.3099913632852414,0.6079876296652541,2.1546348961186865,0.031190416056306465,0.8208630259564383
ELK3,9.574334274165878,0.8296518296612735,0.41595383850133416,1.9945766882461704,0.04608906820104839,0.860361180259825
CHD4,16.865818891862414,-0.5034748900066702,0.220313759186561,-2.285263035162181,0.02229740902475875,0.7526587361563946
ACRBP,2.6323624003071724,1.5571121253821814,0.4902808510559729,3.1759594975582957,0.0014934180046558584,NA
E2F3,10.608602941283126,0.7904931254844514,0.3807792668494601,2.0759878341721016,0.03789507619775357,0.8231002323552539
HBEGF,19.96024395186556,0.834843661785172,0.343933317789641,2.427341634565876,0.01520992562550314,0.6560336670833333
DROSHA,1.2599316399090406,-1.3740745458775632,0.6641840186957441,-2.068816031701318,0.0385633534364138,NA
PDE4D,9.577633836518654,1.2622305514415053,0.5834265377031851,2.1634781242735617,0.030504424488444308,0.8114481256789464
SEC24A,4.215581442863588,1.0668882563255917,0.47586742374615454,2.241986324524517,0.024962256168110254,0.7830331972733979
HRH2,18.525873759085904,1.0167389688571595,0.4732166672785675,2.148569649299013,0.031668529749845804,0.8229842605702606
HES1,9.672568869101406,5.97498803082563,1.6631406803736346,3.592593279290909,3.274033975612403e-4,0.09650130185618958
FRMD4B,5.271034722723875,-0.9205346249478291,0.3784417160863134,-2.432434337492216,0.014997710579115395,0.6560336670833333
NCL,86.43048481074928,-0.4024511078892453,0.19955817791218175,-2.016710676053323,0.04372571515576222,0.8594316988368327
CCDC88A,83.28630048117608,-0.4604228109220788,0.23299006077872425,-1.9761478639183343,0.04813803275137616,0.872693775116118
IGFBP2,1.362651322244927,4.865176996916112,1.6769590405793406,2.901190118057585,0.0037174825934134814,NA
COQ10B,12.935507944697733,0.6073646285352957,0.26692596636690286,2.2754048128103177,0.02288165693362253,0.7640751140576857
MOB4,16.37340069606621,0.5521841462535504,0.2587315246432427,2.1341973963742564,0.032826625750750356,0.8231002323552539
NFE2L2,32.21488492874033,0.7012673860982376,0.3243909790507904,2.161796817378325,0.03063384091902713,0.8114481256789464
GADD45A,7.860558050671351,1.2796760500861402,0.5204551672004272,2.458763272482483,0.013941651348177016,0.6344627685207906
PRDM2,15.478926693744807,-0.48029188378831195,0.23977334937074649,-2.003107872700509,0.045165711158415424,0.860361180259825
MYCL,6.912134113410131,-0.9756618842104271,0.4451382443973356,-2.191817702681012,0.028392672338839853,0.8099147010490307
SDHB,32.47545934039012,0.49676950220640304,0.16000355491363372,3.104740407015006,0.0019044608981510038,0.2571436225742584
CTSD,89.78869330183176,1.8909375425451707,0.5279950811095763,3.581354467491221,3.418175238828161e-4,0.09650130185618958
KMT2A,12.310557001295443,-0.506901686066191,0.2392837800784522,-2.118412229612876,0.0341401710428074,0.8231002323552539
TNFAIP3,49.25155191653238,1.5437890530168112,0.7685339333173169,2.0087454646968754,0.044564134451206376,0.8595895623492013
SGK1,37.50867408282831,1.7454730065999076,0.8148223436790704,2.142151623774553,0.03218128287851524,0.8231002323552539
ELL2,7.750528173230507,3.1762782623974792,1.1562738592839203,2.7469947857893686,0.006014409066000861,0.5048039825531263
IFI27L2,26.192408250398472,0.8235528726229606,0.3489183736742522,2.3603023937966188,0.01826004368953106,0.6926992554824444
DUSP1,150.64020703040578,1.5124942961748153,0.6815061600226411,2.2193406089309113,0.026463560860765963,0.7978892063408611
CLU,18.400676096352427,2.7243032527995283,0.8243756881271529,3.304686554971922,9.508267266899733e-4,0.20364085515418703
PTK2B,18.056945858138654,0.7868979109148501,0.3713088100754318,2.1192546192345687,0.03406895459137881,0.8231002323552539
TARDBP,10.297363729028666,-0.642322110515371,0.2754638583240727,-2.3317836119165354,0.01971207759088705,0.709855010638571
RPL21,854.6122320298817,-0.4418163564633709,0.18759326768246257,-2.3551823683312,0.01851361719692252,0.6926992554824444
RPAP2,3.7908676634590033,-0.7649274222630185,0.37805186164540555,-2.023339916734714,0.04303811414878473,NA
INHBA,0.6381424671158031,3.737292414471442,1.7496421847147856,2.1360324111530664,0.0326767721031983,NA
ARL4A,21.893450120923934,0.9450173445839899,0.4593098314025221,2.057472494543257,0.03964079806225846,0.8331577748948361
CCZ1,16.407918914612438,-0.5571720127597412,0.2641479909158932,-2.1093176246687757,0.034917174491557505,0.8231002323552539
EGR2,2.336317901625185,2.810941362564642,1.3899693600562084,2.0223045509801536,0.043144898769982495,NA
ZWINT,0.45655847665396504,3.698528458819057,1.8561992910166019,1.9925276756212151,0.04631319172057898,NA
ADGRE5,33.607058164370116,-0.6261903816828777,0.1978160581466201,-3.1655184495626187,0.0015480684405605087,0.23889241114094142
NCKAP1L,40.80311365038252,-0.35287981187735884,0.16701497861929504,-2.112863258101756,0.03461247343952696,0.8231002323552539
TTPAL,2.5125474884731185,1.2898032152573973,0.5415817349623558,2.381548586285039,0.017240016355342107,NA
SNAI1,15.39427563081007,2.990088748177446,0.7237687385153374,4.131276454839702,3.607544080936552e-5,0.02489606254077436
H1-3,10.107571274539273,-0.9536443386567782,0.34056312610711,-2.800198452362247,0.005107119853448416,0.4699419888418594
H2BC11,1.0607925245025618,3.8149525136085645,1.2227364050879423,3.120012210100331,0.0018084354356157802,NA
TBCC,10.387518863501569,-0.6793000644687963,0.28206869361050524,-2.408278833690095,0.01602793432300983,0.6726317572987437
CDKN1A,31.70934478202705,0.8910482265864036,0.4468087900287194,1.994249545827265,0.04612479004681357,0.860361180259825
EREG,42.24522037153704,4.265932003078797,1.087544253946778,3.922536473892825,8.762162363627869e-5,0.03401361902530794
MT2A,152.15300292649917,2.004055088270681,0.765688442827124,2.617324457544612,0.008862205837200095,0.5794016889984188
IL1B,68.70212831022783,3.7530271935007384,1.1811704573718043,3.177379835465505,0.0014861226017447975,0.23889241114094142
GZF1,8.776692462848265,0.9474087062313441,0.3474002482881414,2.7271388287711944,0.006388615374096179,0.5221011853751496
ID1,28.78855809619764,1.3227015408767522,0.5578971383144681,2.370869914968428,0.017746275771871673,0.6926992554824444
FFAR2,1.7169761928497393,2.462974255319996,1.20589951251872,2.0424373919644996,0.04110816385207428,NA
HP1BP3,24.598515923982134,-0.44969756585674087,0.19675490384339825,-2.2855723393540703,0.022279289919984516,0.7526587361563946
HIP1,9.39266522569992,-0.7246714768641385,0.3438005042645511,-2.107825520542317,0.035046084492892704,0.8231002323552539
ZFP36,178.3989384472245,1.229328031176646,0.5790105647675909,2.1231530234169145,0.03374103100859873,0.8231002323552539
ATF4,60.8382843855241,0.2791817981108652,0.13812816092263772,2.0211794339839813,0.04326119385227408,0.8530008730681725
ATP6V1F,87.21841594697526,0.38290060135769727,0.15671842522860588,2.443239209423898,0.01455608560761484,0.6504161705675955
DNAJB9,7.7254027899300866,0.9345048382987238,0.4204512240613507,2.2226236595814126,0.026241187463477,0.7950439772471006
SNRPN,11.70224675540598,-0.7860683185699612,0.30737039001788785,-2.557397667759132,0.010545858152611666,0.5994281494045773
EIF2AK4,23.073161074772123,-0.6584120496217266,0.2825022556210687,-2.3306435135331465,0.019772165004101238,0.709855010638571
VPS13C,29.545532872464403,-0.8424382234468341,0.22815169553348308,-3.692447787762329,2.221059496169365e-4,0.07260526595109434
PSMA1,48.47271411197403,0.32195616816483313,0.1305362591161492,2.4664117873820897,0.013647433904745194,0.6325687461371075
SUMF2,13.238002659285867,-0.5146545573665493,0.24382136903806415,-2.110785282672267,0.03479077169539345,0.8231002323552539
MPDU1,9.150934458636737,0.8452832223584398,0.28565604780835874,2.9590944383768987,0.0030854453082887405,0.34220894303181015
MIS18BP1,37.423224231804674,-0.6840530727136694,0.27239543144595035,-2.5112501670183174,0.012030440776531722,0.6123502200590656
RNASE1,29.535108533292057,4.969239240047352,1.581811673841696,3.1414860076096907,0.0016809284049013448,0.23889241114094142
LDLR,9.633735240203562,1.950078735521539,0.45676471572106153,4.269328755928728,1.960621082593341e-5,0.015221771929984052
GADD45G,1.9598604182906834,1.8738856471748284,0.9065531088865203,2.0670445325331692,0.03872995793049508,NA
TULP4,3.2285732574834483,-1.0143659451058524,0.45645578697374983,-2.222265494388808,0.026265368604465503,NA
PPAN,3.2305549633216457,1.050606548279128,0.47011973532508994,2.234763761943814,0.025432862082458475,NA
LRP3,1.3215307034319022,1.9092633806274957,0.9696598316075858,1.9690032714484562,0.04895271541105319,NA
COX7B,95.25874807990397,0.31988018667531115,0.1519058565789704,2.105779157428449,0.03522354012280337,0.8231002323552539
RPL27,430.53651353867025,-0.29681295575219485,0.13330860667175337,-2.2265100743498074,0.02598003493996917,0.7909901814321005
NINJ1,40.74181628787346,1.378216199391997,0.466856812212512,2.9521175729671834,0.0031560273622765317,0.3438962446859568
SNRPA1,22.650089291827868,0.414185131692599,0.20409102124802236,2.0294137839080095,0.04241616232898853,0.8525785897260445
PNISR,91.44025274069935,-0.4582217739949951,0.17158065412135645,-2.6705911359383303,0.00757178138008885,0.5442307662768983
KHDC4,8.672556810298122,-1.0231347316217347,0.29537389729078045,-3.463863059688416,5.324775051039302e-4,0.134132438668465
OSER1,17.978105357900255,0.5704090707649386,0.26638019023772486,2.141334422262745,0.03224707913022233,0.8231002323552539
CASP9,5.986475309795655,1.3444554716265824,0.5112719801995531,2.6296286980206345,0.008547817075722206,0.5770705636664197
EPHB2,1.8432847629994937,3.6273345892551525,1.7390424313985966,2.085822935520859,0.03699466504587013,NA
SLF1,2.0769054647263463,-1.3473657213043844,0.5636545661095587,-2.390410372445194,0.016829556312426042,NA
ATP13A3,19.77180201655315,0.6724845995330299,0.31116801744022604,2.161162336235957,0.030682801685576293,0.8114481256789464
SWAP70,14.170614014610061,0.8469012700319628,0.31436013895415615,2.694047893125115,0.007059002070393509,0.5442307662768983
CDK7,2.316739890559641,-1.0442776691341644,0.526241449847227,-1.9844078596190557,0.04721039055544726,NA
ARL8B,17.449174540769476,0.5579691722504921,0.27344359319940237,2.0405275022977265,0.04129781467192792,0.8425456342813731
LDHA,128.41185777363253,0.5079451635781203,0.23069397050408164,2.2018137815575605,0.02767846518141846,0.8063871792249386
EMP1,9.156376988733141,1.5951257795108718,0.4985615842390061,3.1994558544771117,0.001376872717785337,0.23889241114094142
ARGLU1,45.528832184888856,-0.44663453295598654,0.22566343003923545,-1.9792065239739176,0.04779275870150667,0.8705009510119001
CTSL,8.654937976852667,2.720904706046784,0.6644670151573184,4.094867982878858,4.22409012518202e-5,0.02561660466138935
OASL,7.590376973581399,1.0230226735982102,0.5196690842887234,1.9686040684879922,0.04899857501684166,0.8745914323281608
CD63,145.12154170253004,0.47868685533716987,0.21947806377479906,2.1810236845735003,0.029181664713081264,0.8099147010490307
GLUL,36.7055166233878,0.8972085918540726,0.3769765847405559,2.3800114600527578,0.017312099642512593,0.6926992554824444
FLNB,4.765189927825295,-1.0227529868624323,0.3948089486798113,-2.5905010265911717,0.009583633572217155,0.5994281494045773
TBC1D4,2.2039839346713044,-1.9150114411987007,0.6708483635609694,-2.8546114818459367,0.004308950576513557,NA
IL10,0.5166397350506222,3.8013093184958104,1.7592089166974778,2.160806077331577,0.03071032242886669,NA
PSMB7,31.773071522013407,0.3262973043086218,0.15595951054930202,2.092192410449201,0.03642130715032468,0.8231002323552539
TMEM8B,7.129223460735077,-1.0367047531619533,0.5018202178158306,-2.065888771230072,0.03883898336078214,0.8273958201201497
IER3,58.10866881737257,2.7679060957725445,0.5613060432760294,4.93118883883349,8.173067611407797e-7,0.005076292293445383
IL18BP,3.082487531843212,-1.2540996999508016,0.5028527315770288,-2.4939701451312373,0.012632316893747879,NA
SDCBP,51.17291583372234,0.645917725569487,0.3211021175627319,2.01156482701581,0.04426583023976543,0.8595895623492013
SQOR,23.069813783989666,0.6517161934147783,0.30091034655255994,2.1658151701372064,0.030325313637739066,0.8114481256789464
THBS1,65.23312482430735,7.667949129272531,1.696753138178208,4.51918959613981,6.207678632268133e-6,0.010650518319486178
TTLL7,1.1571845821430777,3.6043354865805686,1.6872696536199294,2.1361941043908996,0.03266359580436531,NA
RASGEF1B,13.119482546943726,1.1873979554366698,0.5374263076529763,2.209415390590424,0.027145761502569275,0.8031488344432339
BMP2K,5.8670789764902285,-0.8892693127497108,0.4507440412136788,-1.9728919995375949,0.04850786832877355,0.872693775116118
SEPTIN11,8.019079332948772,-0.7555326761907444,0.34907945592461714,-2.1643573214285627,0.030436936611729908,0.8114481256789464
GABARAPL1,21.141855372297357,1.2074542487042732,0.5122228150071236,2.357283223878813,0.01840920015132939,0.6926992554824444
VAMP1,2.0392174552079,-1.228917247865625,0.5985621711644742,-2.0531154607963695,0.04006138083425591,NA
SCAF11,62.82545603385984,-0.43764000537521774,0.15210931046621892,-2.8771414717076813,0.004012956396428971,0.3956265425114339
MARCHF9,5.286500312769969,-1.1767518776080303,0.4653132274745087,-2.5289456824489185,0.011440573117593328,0.6069542293857577
PHLDA1,3.5819128536998193,2.998145719909128,0.9732053698785887,3.0806917149287396,0.0020652035417254985,NA
GPR84,2.854200062194918,2.530306565698644,0.723985145541744,3.4949702784375014,4.7411454817320364e-4,NA
SMARCC2,7.039536043163008,-0.9966573284778589,0.3516367831671339,-2.834337521521874,0.004592080274432054,0.4456470403827732
VPS37B,6.1123276564834095,1.0312288395291658,0.40357183520020373,2.5552547268755617,0.01061101141009804,0.5994281494045773
GPR65,13.928102812242203,0.5105985665263525,0.24200567846797458,2.1098619245577814,0.03487025071344901,0.8231002323552539
TLNRD1,8.941732061113841,0.6361675208740196,0.3177732497362994,2.0019542909981762,0.045289647784180424,0.860361180259825
KIFC3,1.030694425602347,2.7272295663837185,1.1774440097681185,2.316228664597656,0.02054578688417481,NA
MAP1LC3B,48.07069958254455,0.5901082833905118,0.2850460488175597,2.070220884795367,0.038431664366933446,0.8231002323552539
IFITM3,219.86618021175485,2.0112989313792893,0.8243835484417299,2.439761122333283,0.014696976721897922,0.6520208744264857
TRPM2,1.2459090756028044,-1.541885885188098,0.6907757916527628,-2.2321075866005,0.025607853143078826,NA
APP,41.511553876658965,-1.0193283625510465,0.4008955631597325,-2.5426281960244745,0.011002223318647853,0.5994281494045773
RPS11,704.2058464603305,-0.5310540609744333,0.235609743104743,-2.2539562837108447,0.024198918304675323,0.7673941651639613
DUSP10,4.32330763958588,1.7927428683490438,0.5181131200125819,3.4601379488431188,5.398987227035301e-4,0.134132438668465
S100A8,1377.529217829885,2.9817061173031227,0.8736445150261126,3.4129512244622764,6.426344284956953e-4,0.14390568241066476
CNIH4,18.23754961623847,0.8992859716407258,0.32142523038962056,2.7978076598114043,0.005145074100989605,0.4699419888418594
SNRNP200,17.666770896850544,-0.40781839555487887,0.2038525321282636,-2.000555947464417,0.045440264980008,0.860361180259825
EAF1,9.851140541702659,1.0045604140032665,0.49098670452459786,2.046003292443409,0.040756046742638406,0.8381037853738362
FEM1C,3.0678777836880293,0.8478615384661964,0.4195991010876878,2.0206466988808214,0.04331635110141919,NA
FAM50B,1.0683353359109364,2.403842317699598,1.1350727543780603,2.117786995087142,0.034193111219836383,NA
TRIM7,2.8256655551679066,3.110045373597513,1.4233920991643085,2.1849533768126572,0.02889226523846991,NA
FGD2,18.331252358279595,-0.6163163234216457,0.27270173700479106,-2.260038128803036,0.023818884518187814,0.7673941651639613
PURB,12.015169676366426,0.6662742549109993,0.3194963936467295,2.085388968889914,0.0370340073438127,0.8231002323552539
OGT,16.9208194049568,-0.6375970744604267,0.31044327442652825,-2.0538279517835876,0.03999234657076536,0.8335317602383343
SLC25A37,31.840803018448042,0.9305445544758995,0.3492413855365575,2.6644738940267807,0.0077108851122793505,0.5442307662768983
PLIN2,14.113650589807925,0.6700659416471532,0.30641642202238595,2.186782083103235,0.02875843603872627,0.8099147010490307
CEP78,1.3726171005872825,-1.2600504514254665,0.6175291573316629,-2.040471184988465,0.04130341817413776,NA
SURF4,16.17335523515707,0.6591068895601601,0.3244229485361204,2.0316284422363444,0.042191285076853074,0.8525785897260445
PAXX,28.48175044700892,-0.6029286926622077,0.28469900813286053,-2.1177758806270197,0.03419405294341574,0.8231002323552539
FUOM,13.891785182697898,-0.659178706632429,0.27118022877144904,-2.4307771610738826,0.015066477747670042,0.6560336670833333
GSTO1,73.44838096030102,0.5438626689994386,0.24664557256132374,2.205037225487668,0.027451482447606132,0.8063871792249386
ADM,3.579816726078938,3.923852356297855,1.0508577947762912,3.7339518018545723,1.884985824258167e-4,NA
APIP,9.057517730664818,0.6707547843589812,0.26176645629477163,2.5624168728618666,0.010394646774321977,0.5994281494045773
FADS1,12.656222735259817,0.6159205929386139,0.3120434879298232,1.973829343546919,0.04840115106556318,0.872693775116118
CDC42EP2,1.722445151012275,4.080062637765108,1.526886606446048,2.672145148526637,0.007536804019194603,NA
MPP7,5.001284293145727,-0.952955971327775,0.4169969913167865,-2.2852826067606524,0.022296262136776292,0.7526587361563946
FCGR1A,14.421508377725694,1.5486959508010378,0.7574270024937794,2.044680141719343,0.04088640266756922,0.8381037853738362
CRIM1,1.1676325577735966,-1.7328464509064743,0.7945088461588194,-2.1810285175353283,0.029181307266476293,NA
EPS8,3.853428027746845,0.8578884137182281,0.4331393121618574,1.9806293024671207,0.0476328603442469,NA
ACSL1,14.145336076583765,2.061801548295229,0.604177328285343,3.4125768243350474,6.435178566153564e-4,0.14390568241066476
SETBP1,2.1227553820379508,-1.6293571292045324,0.7165695302396535,-2.273829768703117,0.022976223663779147,NA
FAM151B,1.3347974759936232,2.738137309627933,1.3009174204510878,2.104774112932161,0.03531097559239637,NA
HNRNPU,90.64111427019472,-0.334144966596825,0.16506857748295437,-2.0242796763141073,0.042941383549175566,0.8530008730681725
SREK1,25.076003326704893,-0.5090061578647606,0.24506955852124512,-2.076986472477914,0.03780280777267228,0.8231002323552539
MIA3,9.95464160246166,-0.8626789847501455,0.34416570989968176,-2.5065802894820672,0.01219053679872225,0.6123502200590656
OTUD6B,3.134277314618944,-0.9363215506547352,0.4262589574324674,-2.19660263867435,0.028048837618736652,NA
SAMSN1,41.122320167976014,1.3124624146240251,0.5677820249689923,2.311560346940714,0.02080192395911723,0.7299477384750119
ZFAND3,9.243577546133269,0.5892373914054703,0.29329962117184466,2.008994723727363,0.04453769329439545,0.8595895623492013
RAB11FIP1,51.10251854066845,-0.7136202419216388,0.261491463089603,-2.7290383918847425,0.006351930846252068,0.5221011853751496
TSC22D3,83.40359669955396,0.9738086622017206,0.4938311228833513,1.9719467183759205,0.04861568929160793,0.872693775116118
DUSP2,72.11862106494026,2.223501505403175,0.9220132038985438,2.411572302871103,0.015883902113973183,0.6711218777543363
B4GALT5,10.3640409475327,1.4275451164693551,0.5294932259668519,2.6960592628218523,0.007016518219735124,0.5442307662768983
SLAMF8,3.5100602340152336,-1.4070335976348187,0.4344605090578635,-3.2385765064953773,0.0012012779768535995,NA
IFNGR2,51.822593565474484,0.9397504423640756,0.3515787074733389,2.6729446988348666,0.007518864427778769,0.5442307662768983
RUNX1,22.494164539789477,0.5276119448194229,0.255818283643436,2.0624481460239084,0.039165089537163744,0.8273958201201497
ADGRG5,2.1941761719868125,-1.8764777467602538,0.9278739473169044,-2.022341237391554,0.04314111121711829,NA
ATP6V0D1,55.156101170289,0.3678477416263548,0.1684763877652294,2.1833786117194527,0.029007939700568666,0.8099147010490307
DFFA,4.4193008174175805,-0.9110383042350267,0.389929076830925,-2.336420539959007,0.01946933447499081,0.707158107743672
BSDC1,7.073023884427261,-0.6410961908044674,0.3238851165658197,-1.979393797412066,0.04777168630685656,0.8705009510119001
PDXK,17.228180237234284,0.6690948206266922,0.28320364022120104,2.362592585688815,0.018147607774761352,0.6926992554824444
RALGDS,8.543522619787149,0.8018707314460829,0.3985346900829687,2.0120475115457226,0.0442149288646791,0.8595895623492013
PCNT,3.4290826590405437,-1.2639871702127667,0.6233683889339544,-2.0276728699290616,0.04259364634526042,NA
DEDD2,11.123307667821456,-0.6649063829099989,0.28713776505010447,-2.315635433026287,0.020578182494018403,0.7261993833542517
JAML,64.51180076548252,-0.5745919798925846,0.28046686386421615,-2.048698273927877,0.040491628100849046,0.8381037853738362
FMNL3,3.9014499468059816,-1.586353938147699,0.7825272984841297,-2.0272186557845324,0.04264005608216271,NA
TREML1,1.2991283991899771,-1.6962684782013715,0.7401856710835444,-2.291679702091821,0.021924132534468312,NA
CLPB,7.691387595660456,0.9911757213040983,0.4180443771011158,2.3709820669693027,0.017740891841152677,0.6926992554824444
RPS6KA4,22.420486688794345,-0.7244401631798835,0.30147438356058376,-2.402990776940427,0.016261597562188406,0.67785760039431
LAPTM5,241.37033909333954,0.5092001115891398,0.23222575817766564,2.1926943659694,0.028329406944158652,0.8099147010490307
NEXN,3.033184443261551,2.0243628017466633,0.8954545352167114,2.260709753685866,0.02377723609446722,NA
TRIM58,1.825467326871778,1.2124443611914857,0.5985780672302426,2.025540906972657,0.04281185241836068,NA
ATF3,7.867590184767878,1.8441607034653722,0.7186155360658134,2.566268903065404,0.010279910011568574,0.5994281494045773
SMC6,4.764269383907858,-1.0812470621890446,0.4228710374959753,-2.5569191699474936,0.010560375303177928,0.5994281494045773
CDC42EP3,15.54671934676926,1.270441509911463,0.6125505980341389,2.0740188875640575,0.03807755676189634,0.8231002323552539
S100A9,1943.5522634798372,2.1419803431675333,0.6805581411216055,3.1473877303670275,0.0016473635506904433,0.23889241114094142
S100A12,90.13876252157522,2.573756805308634,0.7546852812594504,3.410371010566737,6.487456299305446e-4,0.14390568241066476
LRRC58,14.238887309532844,-0.6839890102283184,0.23345679105263623,-2.929831285456601,0.003391460863873695,0.34554719093895236
PPM1K,9.701017243562955,-1.3842148598423354,0.45773158682363174,-3.0240754618834864,0.0024939422307002565,0.3037230430368489
RPL9,801.2678030025552,-0.38188696509320086,0.1915080916819562,-1.9941035479974032,0.04614073959269607,0.860361180259825
TTC14,12.759228376283819,-0.6997347400409147,0.265335133693703,-2.6371733373563453,0.008360010077304504,0.5705936548366843
CXCL3,0.8282872660131345,4.170985876046263,1.7616315812579475,2.3676834137293574,0.017899845304643152,NA
PF4,17.707525181801437,2.017385040080831,1.0228086675617118,1.9723972860829426,0.04856427141903648,0.872693775116118
TOPBP1,5.2403628218674605,-0.7190447776958993,0.35478095231764156,-2.0267288111119504,0.04269015431659067,0.8530008730681725
ZC3H12A,9.367359267444815,1.731529423945854,0.6865770776661918,2.5219738326127303,0.011669838891186187,0.6069542293857577
HMGB2,65.48264230681623,1.619979042169205,0.6260897244442091,2.5874550865809036,0.009668779961484216,0.5994281494045773
SAP30,31.536920470544505,2.74003405476429,1.1143654190638472,2.45882904107535,0.013939097728611197,0.6344627685207906
STARD4,9.82362811459197,1.417309829404359,0.44175418784715875,3.208367613471793,0.0013349075042521073,0.23889241114094142
CTSB,102.80761086968315,0.8032756311007826,0.32162240467296394,2.49757361250246,0.012504649976866353,0.6123502200590656
ABCA1,4.249305348904867,2.1411159363809023,0.9454355844938956,2.264687273778753,0.02353187698435916,0.7673941651639613
NFIL3,19.33197998587813,1.2069879303459468,0.44420630881529466,2.717178721673276,0.006584104361595985,0.5251290218821428
STRBP,4.198634054187687,-1.235999693698874,0.5478483858182341,-2.256098084240693,0.024064489093262014,0.7673941651639613
ATP5F1C,82.31694471526275,0.3146674133993579,0.1200083357930263,2.622046304700471,0.008740355482092248,0.5794016889984188
CLEC1B,1.9449964588324502,3.3901717055482408,1.38077332180466,2.455270283696757,0.014077869617183051,NA
IFI27,236.84368050895122,7.262923546543688,2.4388115380418136,2.9780585474740215,0.0029008056761995462,0.33162287249948436
TRIM44,20.157032721464105,-0.6194471425371647,0.29707453385119026,-2.085157332427075,0.037055021488564134,0.8231002323552539
ZNF143,3.837049640258816,1.1185685721740648,0.47875100830437,2.3364307390929304,0.0194688034418937,NA
NDST2,1.4167305162252166,1.9009567841713837,0.7697042488574656,2.469723646443589,0.01352174663855783,NA
BEX3,3.2188826997025037,1.5202990601018311,0.4949592263837584,3.0715642401685277,0.002129403380805916,NA
GOLM2,8.01797400255217,-0.6530294334518848,0.278818789919423,-2.3421284972960628,0.019174112188510912,0.7032982626864949
COQ4,5.672939060343726,-0.640655159686165,0.3166729429295236,-2.0230814598793954,0.043064749696059286,0.8530008730681725
DPEP2,5.923149371742327,-0.8005804935993026,0.406682212189806,-1.9685653062830717,0.04900302985834809,0.8745914323281608
MIDN,64.3728118383148,0.6191174086984967,0.29695434026004314,2.084890923487884,0.037079202758013845,0.8231002323552539
RPL13,1596.9579893004677,-0.40752226663684876,0.1966303307459241,-2.0725300369017265,0.03821603804657911,0.8231002323552539
NFKBID,23.571647695541508,1.0049394875642554,0.4704780724278017,2.1359964394907496,0.032679704034360296,0.8231002323552539
SEMA6B,2.185621014088766,1.9174414386065264,0.8726704845968017,2.1972112870213985,0.02800535987022297,NA
ATP5PD,66.13293229866966,0.4794297576161441,0.20482698353316434,2.3406572188205748,0.019249831694848514,0.7032982626864949
TMEM88,1.316317574630547,2.619068288739894,0.9164379067618612,2.8578786073942553,0.004264835138320065,NA
DDB1,12.862289526582472,-0.7077692523961215,0.22181518022968702,-3.190806200293572,0.0014187641294466237,0.23889241114094142
CTNNB1,45.097911230565806,0.5271282389889779,0.2650876087760978,1.9885057676694675,0.04675578175798839,0.8617215445070205
SF1,68.34195620798128,-0.6623764715564184,0.262451591513769,-2.5238043623052984,0.011609251588117275,0.6069542293857577
DDIT4,117.99942621584964,1.3182347501253608,0.3619621405190879,3.641913345508698,2.706191741508493e-4,0.08404078453254625
PCMTD1,8.319535868100221,-0.7611638139377456,0.3320943498470862,-2.2920107321555627,0.02190502389395961,0.7516690795877522
TMEM150A,2.4534036027781365,-1.2971455487856793,0.6411204945141866,-2.0232476732296636,0.043047618803346906,NA
UQCRFS1,64.54556384097391,0.3111270624695694,0.1559760592854061,1.9947103670587478,0.04607447804219878,0.860361180259825
HSPBAP1,2.977805960512419,-1.0428121242889579,0.4708681618243009,-2.214658388133006,0.026783521069779,NA
ZBTB43,26.76648520550925,0.7309002445023004,0.2630401981083292,2.778663678626375,0.0054583006297142965,0.47790926790440386
MN1,2.6668440750800104,2.723014345926337,1.1685685429515469,2.330213629616113,0.01979486296812136,NA
RNASE2,45.77341460479478,2.9446626180272126,0.6867487627762007,4.287830976386959,1.8042629866565925e-5,0.015221771929984052
CXCL8,10.191929373884047,6.604942019269112,1.6195374554247264,4.078289141844487,4.53683225366741e-5,0.02561660466138935
ZEB2,100.29379550079857,0.7453544108529888,0.3463457930980409,2.152052733731342,0.03139320126357751,0.8213315571164936
PCBP1,117.6600732171756,0.27783240473736587,0.11519668674150747,2.411808990312373,0.01587359511446129,0.6711218777543363
CLIC3,16.825636999378947,-1.701385250845782,0.8595702579771516,-1.9793440211038653,0.04777728647789624,0.8705009510119001
MT1E,6.095232678057843,2.4094781816222093,0.9303723112898586,2.589799967586883,0.009603171567007091,0.5994281494045773
TPST1,4.185396961466991,5.808034222813841,2.2796108639126196,2.547818276688328,0.01083989212514199,0.5994281494045773
CD14,68.73783776207124,1.5515644641536561,0.7672526356540301,2.0222341273954103,0.04315217018001908,0.8530008730681725
PFKFB3,11.135927119388288,1.1562000107458394,0.5776110866542704,2.0016928993571828,0.04531777055578797,0.860361180259825
SERPINB9,17.330185894330945,1.0515354638516061,0.3811176410375812,2.7590836807995367,0.005796369020366368,0.4931677806232262
CAVIN3,3.468097697811309,1.6134642166874205,0.81147281605815,1.9883157941446061,0.04677677508560305,NA
FPR1,39.28305511413611,0.8586214601360692,0.41224032114585263,2.0828177548219133,0.03726783857555167,0.8231002323552539
JUNB,284.33542243826344,0.9862249776948977,0.38734237414333966,2.5461324232239457,0.010892385911216423,0.5994281494045773
LRG1,4.655332084493052,2.1352467018976955,0.8465238919987504,2.522370274577965,0.011656693615755517,0.6069542293857577
FAM98B,4.605774966505869,-0.9309621355774659,0.4269203440873347,-2.180645988112058,0.029209610857347107,0.8099147010490307
BPTF,25.76924240121033,-0.5425907282981249,0.25307760655448447,-2.143969731993304,0.03203531210695646,0.8231002323552539
PWWP2B,7.07491434856034,0.7874840642595765,0.38480845885119297,2.0464312728741234,0.04071395786319072,0.8381037853738362
CYCS,42.86446975568353,0.47480568449050253,0.19169298010263233,2.476907001165571,0.01325264286284935,0.6283371360393688
CEBPB,159.61271570178542,1.26224586066689,0.29267715069431555,4.3127584701179265,1.6123022297714583e-5,0.015221771929984052
PAIP1,11.196971809579114,-0.936211863593527,0.3773120905634377,-2.4812665350730954,0.013091643960202699,0.625478466437069
AFF1,5.8237324350982655,-0.6966137565102424,0.3361477187877464,-2.0723441438854593,0.038233358398681326,0.8231002323552539
MIR4435-2HG,10.356004447016216,0.6408832447007076,0.305643053944061,2.0968356271495785,0.036008128584674996,0.8231002323552539
HPSE,3.8566698095359384,1.623431139123314,0.7987856237894227,2.032374007210833,0.042115807432042934,NA
OLR1,1.0147173361116206,4.206010892938665,1.5606611674635806,2.695018611742844,0.007038469943824605,NA
ZNRD2,11.866122448132977,0.7055455009299358,0.2827201259843801,2.495561638823393,0.012575790422051581,0.6123502200590656
HEG1,1.9377455449055077,1.6643548689332714,0.7189230984764744,2.315066621813007,0.020609286359649367,NA
NET1,6.457887558199123,-1.2066702390043518,0.42994093322785104,-2.806595384963883,0.005006808681524809,0.4699419888418594
RBM4,9.999798510126846,-0.5725654825229656,0.2624809003100224,-2.1813605555554516,0.029156758702902595,0.8099147010490307
ATP2A2,16.791930513307648,0.7701491127944244,0.310241806370405,2.4824156415429237,0.013049496211392527,0.625478466437069
TMEM167A,37.78145089920607,0.7774801540272925,0.3692939668110491,2.105315071191222,0.03526389106495501,0.8231002323552539
RIN1,2.4881353167847475,1.4178970687699857,0.7210889997912729,1.9663274147579721,0.04926080201314204,NA
ZDHHC14,2.179441224487887,-1.2305361681606681,0.5756301980317782,-2.1377199673821408,0.03253947792778735,NA
PSMD2,28.4012475829506,-0.38188767509558297,0.16550899918308296,-2.307352935372088,0.021035152716527922,0.7339850197885108
DDIT3,13.792639796012805,1.920681341907488,0.4270065710029738,4.498013549056395,6.859132712597764e-6,0.010650518319486178
KCNE3,8.162085627089706,1.2966791573425158,0.6515111532761748,1.9902639437898542,0.04656186766687604,0.8607016669016877
UCP2,86.98590676154149,-0.6127632214724372,0.2780282979596268,-2.2039599061294766,0.027527163893475412,0.8063871792249386
FOSL1,3.316520163278728,1.6633682634367508,0.6281285939097845,2.648133327418069,0.008093759753959876,NA
SLC35E3,3.8879724475229103,-1.0233097867531757,0.48224377637332816,-2.1219761392233756,0.03383974180829944,NA
TGIF1,9.971624799404687,1.1996101106565262,0.40874865686687095,2.934835602523431,0.0033372444828833297,0.34554719093895236
NAP1L5,0.927299822710715,2.0163532068704484,0.9019012243773852,2.235669663562559,0.025373417611292484,NA
CD163,38.443290771761305,2.056811133912879,0.8089080853500193,2.5427006741104394,0.010999941616575344,0.5994281494045773
JUN,21.51642015736641,1.5497391771809181,0.716667710474455,2.1624236093390414,0.03058553939542887,0.8114481256789464
CD151,13.953488133961047,0.7145629571855444,0.3346826704231647,2.135046180556849,0.03275723812028028,0.8231002323552539
UBE2N,25.917179673526725,0.608181050373741,0.18905530477700735,3.2169478190051146,0.001295621607782263,0.23889241114094142
RPS27,1239.161937558346,-0.4416088432579606,0.19641324623988596,-2.248365890346363,0.024552868339070923,0.774100838852637
IMP3,11.900021696238714,-0.6113897978524369,0.2875279672817256,-2.126366362314192,0.033472766326291044,0.8231002323552539
GPR35,9.084549858728392,1.5331464369808503,0.38825534039914794,3.9488096555341414,7.854077098157852e-5,0.03401361902530794
THBD,13.498114718651564,1.7990824049292713,0.5078058767434194,3.542854636631744,3.958208198034328e-4,0.10688883094778787
SPTY2D1,11.407555349633357,0.6282130527726877,0.266619907868325,2.3562120990715436,0.01846237277611396,0.6926992554824444
HLA-DQB1,518.3523702069062,-1.0675452884585312,0.47044475358751703,-2.2692256217497286,0.023254608921767436,0.7673941651639613
H2AC6,7.182279916339413,1.2314759967723734,0.4645044967892316,2.6511605491112267,0.008021570078071963,0.5553132249570677
CUEDC1,3.6831491371437894,-1.2944198532919196,0.6110383156985463,-2.1183939207022124,0.03414172030794825,NA
C5orf24,13.450592796519473,-0.6848404741694283,0.3165364373331181,-2.1635438875200097,0.03049937200532437,0.8114481256789464
FAM89A,2.2414344948047833,3.327477524278285,1.02892951948376,3.2339217227898804,0.001221029167143885,NA
TTC3,26.70176497873207,-0.574234391237969,0.21550190018835977,-2.6646372525534976,0.007707140838097336,0.5442307662768983
SPATA13-ENSG00000182957,7.5600575653056215,1.0849116645051375,0.5274772603196143,2.0567932423243365,0.039706118397821843,0.8331577748948361
MX2,15.069776828093788,0.730943498130749,0.36815708106873385,1.9854120312146977,0.04709864849060961,0.8654725022934209
UPP1,36.21244023872584,1.1144951078264869,0.3634407065038989,3.066511504854041,0.002165724737018439,0.27451666003309233
TBK1,9.192810142559567,0.63215916372268,0.30262312182283185,2.0889321341836276,0.03671383271039017,0.8231002323552539
SOCS3,30.014028968476588,2.0016671206126904,0.49697223613894936,4.027724236999511,5.6319344636767726e-5,0.02914995412824703
USP18,2.6151077921220174,2.378052130894138,1.2133129375561955,1.9599660213661876,0.04999976191558413,NA
MAFF,10.037913032261352,1.4476547901765864,0.47771760137161445,3.0303568175426343,0.0024426497382246783,0.30342595048226956
IFITM2,110.29665511467597,0.7685360099356129,0.3397618422519838,2.2619844678309384,0.02369836295117452,0.7673941651639613
UBALD2,47.85227331716647,0.6331205114359115,0.26525316693993983,2.386853732001874,0.016993250711570887,0.6926992554824444
TCN2,5.537683803986251,1.7645478113357154,0.8332085856566408,2.1177743985260284,0.034194178522890764,0.8231002323552539
IFITM1,26.407354042355813,2.5532249900996273,1.039059921293241,2.4572451865161127,0.014000709484671177,0.6344627685207906
IRS2,15.746922071176085,1.8539059426907936,0.7865451632433281,2.357024147279974,0.018422048890374812,0.6926992554824444
SAPCD2,1.0030987684164283,1.8845911030005074,0.9446877660813148,1.9949354386349591,0.04604992175510485,NA
INSIG1,25.729632643378668,1.2143972316217349,0.491744334573757,2.469570356462514,0.013527541444129463,0.6325687461371075
MT1X,30.134664725225303,1.79337759798738,0.5796210946966303,3.094051638900447,0.0019744311741082938,0.2609189791997152
ISG15,77.93815692512281,1.6770875970824577,0.8551946276750445,1.9610595562811637,0.04987207588550638,0.8875514708449288
PLSCR1,56.64241255209906,0.7459587798706044,0.29179675362423574,2.5564327587798337,0.010575150752869014,0.5994281494045773
CIBAR1,0.8556278226449552,2.160435170285123,0.9903939193584148,2.181389776387834,0.02915459917046806,NA
NBR1,4.877335524349039,-1.052049562784443,0.47813440241808125,-2.2003218288913873,0.027784069611034756,0.8063871792249386
ZNF33A,5.249605088359741,-1.1431433545171215,0.5562206709499,-2.055197539790978,0.03985992866995449,0.8335317602383343
CCDC189,1.4163799942856015,-1.2983820168448634,0.6501066794524814,-1.9971830130069705,0.04580530568618248,NA
CD55,40.45668788826519,1.0435351291925279,0.32133481507938366,3.247500987201556,0.0011642326025029708,0.2332596352950307
EVL,16.51826921768758,-0.783296752981841,0.38543793983775404,-2.032225352054241,0.042130847485828,0.8525785897260445
TCF4,39.21243938019324,-1.4848524306720476,0.6048809442890093,-2.4547846062788055,0.01409690260117036,0.6344627685207906
TOMM7,119.98214130839568,-0.5162307486651138,0.16409967194282474,-3.1458365672112847,0.0016561252150635358,0.23889241114094142
LAMB3,0.6905122879859004,3.440964092847005,1.3726698961235784,2.5067673608667986,0.012184087366478582,NA
SLC39A10,5.533782538428295,-0.8968210832304457,0.3361703304183047,-2.667757984812372,0.007635924005251072,0.5442307662768983
MAFG,25.1184731192501,0.7734628195902737,0.24292509004367782,3.183956088896398,0.0014527704861305487,0.23889241114094142
SLC22A4,1.310460729055382,2.068070994774668,0.9800988782482127,2.1100636279382856,0.03485287566118389,NA
S100A6,1012.1770259212407,0.4085278215719543,0.2046514825592982,1.9962123726789152,0.045910811273516414,0.860361180259825
ODAD3,1.284583529277189,1.6784090174420578,0.8186049690512782,2.0503284012400376,0.04033239487804029,NA
FCGR1B,5.629882112910256,2.142588592851544,0.902283181448509,2.3746298688753913,0.017566555368733732,0.6926992554824444
PIM3,71.58354072958915,0.7652480283032405,0.32058038554100166,2.387070646920058,0.016983227339188285,0.6926992554824444
RCSD1,17.539353582744535,-0.8885808308431182,0.2805550955475183,-3.167223996088915,0.0015390172413118613,0.23889241114094142
TOP1,32.90075605162217,0.5418852278428076,0.24733402091807755,2.190904534003803,0.028458701575127605,0.8099147010490307
PJA2,23.85105149861025,-0.4060691200711405,0.1968013419559052,-2.06334528024775,0.03907983487359791,0.8273958201201497
MAFB,73.1412533515798,2.422374995146994,0.5065463854664979,4.782138545744703,1.7344006858057207e-6,0.005386181329769666
PBX2,12.518707717179245,-0.7078951046014058,0.33424238430773023,-2.117909450854267,0.0341827370610516,0.8231002323552539
EHMT2,3.4516351651524615,-1.0536527866223884,0.5166446380145876,-2.039414926808237,0.04140863391129857,NA
IGLC2,1.9667865267722966,2.9223000508494668,0.92869950865495,3.1466583363243936,0.0016514781685697275,NA
IGHG4,0.5646438494373235,4.0386514414562225,1.7502631016902461,2.3074539122467117,0.02102952870673606,NA
IGHA1,1.344331035387831,3.1772023686491684,1.3993400329927246,2.270500588662632,0.023177227619627195,NA
IGHG1,0.5064461094226717,3.9083955987609533,1.9485117953928632,2.0058362530840794,0.04487372134853358,NA
IGHG3,0.4737916722997807,3.0283073006693346,1.419379151637033,2.1335435969850995,0.03288015925054541,NA
LINC01089,6.83061590141102,-0.78586031386063,0.3590866826490212,-2.1884975183798345,0.028633381832183995,0.8099147010490307
SFT2D2,36.79082367314112,-0.6294698718673468,0.2232648588729683,-2.8193862439655057,0.0048115582176612385,0.4597628936906762
CRIP1,65.56570766608532,-0.8031664679280688,0.3705436469477864,-2.1675353889989744,0.030194054302278842,0.8114481256789464
CLIC1,255.85933028229354,0.36495751082588096,0.1392678344971424,2.6205441632925615,0.008778955850542523,0.5794016889984188
IRF9,14.591491569210893,-0.5627984951444613,0.2799286258744366,-2.0105071190429356,0.044377543510180646,0.8595895623492013
PPME1,0.7895168500944547,-1.9157724609816884,0.7938289428410028,-2.4133315851717456,0.015807431365181635,NA
RP1-257A7.4,0.9935773206574537,2.524148393605672,1.2635792651549802,1.9976177697851671,0.04575811524978994,NA
PLXNA4,2.581104913241094,-1.9983846341151603,0.7676245930145927,-2.603335865344234,0.009232146161274612,NA
AC023590.1,2.374052990388502,-1.816377690980463,0.6899045558433463,-2.632795617301156,0.008468529061549079,NA
BAIAP2-DT,3.0691233126508384,-0.9437417439334117,0.4460848187229407,-2.1156105393480367,0.03437794473903395,NA
AC058791.1,3.7757724223323814,1.155880760049765,0.5707627756500707,2.0251509197201476,0.042851869631313606,NA
LINC02812,6.761247703822127,-1.3668923605989682,0.6453678481598999,-2.118005048587886,0.03417464012029699,0.8231002323552539
LINC00865,1.3672350796671144,-2.3589732616955645,0.7616144132974355,-3.0973327454273214,0.001952705527729187,NA
TNF,4.882092308350033,1.329267034319337,0.6636796944681537,2.0028743464640097,0.045190777259886704,0.860361180259825
SNHG15,22.116623429719734,0.6216605664558014,0.2619703486240661,2.3730188157588,0.017643365112061316,0.6926992554824444
LINC00513,5.131413439895396,1.4059298874187636,0.5911259735249434,2.378393016695008,0.017388281823228192,0.6926992554824444
RPS28,1027.755655287875,-0.34498702669453923,0.13830874905558518,-2.4943254063840294,0.012619679305677088,0.6123502200590656
ZNF512,1.6874188933858156,-1.339191659265351,0.5936755931880665,-2.255763374192002,0.02408545424398109,NA
HBB,41.007167491915155,-3.391812029979585,1.6965126841678388,-1.9992848044300429,0.045577547349514524,0.860361180259825
NEAT1,666.3863427341241,1.0222508010556932,0.43198906624337585,2.366381190953044,0.017962938689217573,0.6926992554824444
H2AJ,34.23085015399304,0.8376027745043789,0.3816239511907898,2.194838064777612,0.028175215911634334,0.8099147010490307
LUCAT1,0.9543477030638028,4.205830948833962,1.2587271332476906,3.341336527784489,8.33760980927816e-4,NA
CHMP1B,35.528302697569806,0.831817087264979,0.38493772597434894,2.1609133923142902,0.03070203019393856,0.8114481256789464
HCAR3,1.5854922364859956,4.516087165966544,1.6911913127846938,2.670358540649321,0.007577029084450146,NA
SMIM3,20.70442512280635,1.6666753680048279,0.6500638689017088,2.5638640258851755,0.010351408844078506,0.5994281494045773
MTRNR2L1,4.998054923212606,6.507495165142358,2.187910249556401,2.9742971250588335,0.002936605697548163,0.33162287249948436
RP1-197B17.3,0.267364070224598,3.725546904859275,1.8486124834810191,2.01532064624161,0.043871062999834454,NA
RP11-347C12.3,0.38463556418539535,2.949033592597094,1.4765053684630645,1.9973063800416961,0.0457919107144254,NA
INAFM2,6.970008251409642,0.7473261145324963,0.3609497472583574,2.070443656517044,0.03841081719341832,0.8231002323552539
MRC1,3.2663025416563443,-1.5942484295881998,0.636587939829177,-2.504364801532374,0.012267147850088794,NA
CTA-29F11.1,8.918449423246694,1.0190712381865477,0.4788685900322296,2.128081188448715,0.033330352717869494,0.8231002323552539
RP11-196G11.2,0.4082919925293195,3.541926335038184,1.739747838560876,2.0358848889090013,0.04176191555510695,NA
RP11-818O24.3,0.34473253270084764,3.3994643174037558,1.544789350778143,2.2006005645309337,0.027764313601509917,NA
GTF2I,23.47571362565801,-0.5932055968396429,0.23201309382805113,-2.5567763743509997,0.010564711022801735,0.5994281494045773
RP5-1171I10.5,27.49332570069354,-1.3180661088145909,0.4372949309610174,-3.0141353477799395,0.0025771280682644272,0.30781812369212225
TXNIP,178.69244104136607,-0.8083665493863474,0.3014907977887622,-2.6812312525463042,0.007335180642347663,0.5442307662768983
MIR222HG,2.9641122737917875,1.556730697751715,0.7055056464065101,2.2065460505963572,0.027345789603343055,NA
RP11-138A9.1,15.090818211643382,0.8222162341243666,0.3822404753425727,2.1510444004850022,0.0314726953137539,0.8213315571164936
RP1-244F24.1,2.511134091165705,-1.511062742951715,0.6384543272238653,-2.3667515098881635,0.017944976747880058,NA
RP3-325F22.5,0.7709332511279026,4.33709360565949,1.5304672696241928,2.8338362353377646,0.004599289500957392,NA
H2BC8,1.4284418457537735,3.3803693204858947,1.2893413875493354,2.621779889429438,0.008747190443207993,NA
RP11-670E13.6,2.04260778750095,1.8638393645187663,0.7600090918373945,2.4523908786574604,0.014191041425276794,NA
ZNF2,0.9745374330887995,4.264581837266104,1.8715086291795144,2.2786867080253503,0.02268569544134756,NA
CCL4,7.324055004227307,3.3878180577211987,1.372146359271813,2.468991762306673,0.01354943375635611,0.6325687461371075
CCL4L2,8.172220907780007,4.3938689126788635,1.6336670579113761,2.689574287123334,0.007154322147140342,0.5442307662768983
CCL3L1,10.178633123546257,2.5306436606841283,1.1895689470711357,2.1273619044233483,0.03339002487559468,0.8231002323552539
CCL3,10.548385629943477,4.11588601670139,1.3014099950092166,3.1626359352436366,0.0015634772247246384,0.23889241114094142
PSMB3,89.01122450402539,0.3415418773096619,0.1425387738740857,2.396133122425827,0.016569071383562582,0.6860700157553813
H3C10,1.6592137630306936,2.2860022352123877,0.8919126102417161,2.5630338768199064,0.01037619236183455,NA
XX-FW83563B9.5,0.6493449682409077,3.6661326742616427,1.520519500845092,2.411105330924093,0.01590425454634026,NA
LINC01943,0.6890254603319873,3.026342522867406,1.3585647831116414,2.227602658693909,0.025907023222517256,NA
POLR2J3-ENSG00000285437,38.95073729072055,-0.6754113126813458,0.3219090272954846,-2.0981434362242246,0.035892476516008756,0.8231002323552539
